,celltypes,currents,simenvironments,modelconcepts,modeltypes,receptors,regions
precision_micro,0.08333333333333333,0.18652849740932642,0.1951219512195122,0.11049723756906077,0.3548387096774194,0.14285714285714285,0.1702127659574468
recall_micro,0.3333333333333333,0.8571428571428571,0.8,0.37037037037037035,0.55,0.6,0.6153846153846154
f1_micro,0.13333333333333333,0.30638297872340425,0.3137254901960784,0.1702127659574468,0.43137254901960786,0.23076923076923078,0.26666666666666666
jaccard,0.06805555555555555,0.1738410074773711,0.2523412698412698,0.10759479717813053,0.421875,0.1240079365079365,0.16319444444444445
hamming,0.015587529976019185,0.2315340909090909,0.03017241379310345,0.050623052959501556,0.08630952380952381,0.1111111111111111,0.07801418439716312
