,celltypes,currents,simenvironments,modelconcepts,modeltypes,receptors,regions
precision_micro,0.04945054945054945,0.21840354767184036,0.16182572614107885,0.13302217036172695,0.24161073825503357,0.1423841059602649,0.16494845360824742
recall_micro,0.1782178217821782,0.718978102189781,0.624,0.42066420664206644,0.3364485981308411,0.6935483870967742,0.6274509803921569
f1_micro,0.07741935483870968,0.33503401360544216,0.257001647446458,0.20212765957446807,0.28125,0.23626373626373626,0.2612244897959184
jaccard,0.049581273462797906,0.19503697975028383,0.19679410096076763,0.11242072112936084,0.1812015503875969,0.12474491654179154,0.16439318783068782
hamming,0.021734724896139427,0.21436403508771928,0.026181353767560665,0.04380841121495327,0.10188261351052048,0.14479166666666668,0.08023049645390071
