,celltypes,currents,simenvironments,modelconcepts,modeltypes,receptors,regions
precision_micro,0.031630170316301706,0.16293929712460065,0.17706237424547283,0.09129967776584318,0.26136363636363635,0.14864864864864866,0.1498371335504886
recall_micro,0.09923664122137404,0.7756653992395437,0.6518518518518519,0.39351851851851855,0.3898305084745763,0.868421052631579,0.5609756097560976
f1_micro,0.04797047970479705,0.2693069306930693,0.27848101265822783,0.14821272885789014,0.3129251700680272,0.25384615384615383,0.2365038560411311
jaccard,0.031750871080139374,0.1559239033680806,0.19708153799062886,0.0844021350077842,0.2093869731800766,0.13387187911409362,0.15064997964997967
hamming,0.02263555009650816,0.25436580882352944,0.02647161267850923,0.05247609839939843,0.11056376573617953,0.12679738562091503,0.08425531914893616
