metric,neurons,currents,model_type,model_concept,modeling_application,receptors,region
precision_micro,0.17631997322399798,0.2967796092796093,0.29076352586170257,0.12711467610825214,0.6597548066254637,0.28109509646915276,0.29954721207638335
recall_micro,0.2713178294573644,0.2515262515262515,0.6839080459770114,0.27014218009478674,0.7307692307692308,0.4083333333333334,0.4978354978354978
f1_micro,0.21359395048763008,0.2714271305820602,0.4079971628891397,0.17283685850377173,0.6933440982101157,0.3304533314733927,0.373443498112838
jaccard,0.15178352071209214,0.08718619543129347,0.2784206349206349,0.08892293817293817,0.6340952380952382,0.09841534391534391,0.1997751322751323
hamming,0.009292565947242206,0.057916666666666665,0.10968253968253967,0.025498442367601248,0.004827586206896552,0.022333333333333334,0.027375886524822698
jaccard_consistency,0.6561291541578899,0.6480652475730748,0.7836150793650793,0.49212314674572744,0.7946666666666666,0.8194920245876127,0.6314051969272558
dice_consistency,0.6913233817964775,0.6932615129681694,0.8448454508454507,0.6075017245657979,0.8319906204906204,0.8396052535069564,0.6698562908826066
