{
  "Modelconcepts": {
    "Modelconcepts_header": {
      "samples": 20,
      "metrics": {
        "f1_micro": 0.3916083916083916,
        "hamming": 0.025408878504672897,
        "jaccard": 0.27544174575424574,
        "precision_micro": 0.34146341463414637,
        "recall_micro": 0.45901639344262296
      }
    },
    "Modelconcepts_com_var": {
      "samples": 20,
      "metrics": {
        "f1_micro": 0.26562500000000006,
        "hamming": 0.027453271028037383,
        "jaccard": 0.17212301587301587,
        "precision_micro": 0.2537313432835821,
        "recall_micro": 0.2786885245901639
      }
    },
    "Modelconcepts_naivefilter": {
      "samples": 20,
      "metrics": {
        "f1_micro": 0.3,
        "hamming": 0.02516175413371675,
        "jaccard": 0.1792124542124542,
        "precision_micro": 0.2830188679245283,
        "recall_micro": 0.3191489361702128
      }
    },
    "Modelconcepts_unfilter": {
      "samples": 20,
      "metrics": {
        "f1_micro": 0.26548672566371684,
        "hamming": 0.029834651329978434,
        "jaccard": 0.1649017649017649,
        "precision_micro": 0.22727272727272727,
        "recall_micro": 0.3191489361702128
      }
    }
  },

    "Celltypes": {
      "Celltypes_header": {
        "samples": 20,
        "metrics": {
          "f1_micro": 0.591549295774648,
          "hamming": 0.007451181911613566,
          "jaccard": 0.5521541950113378,
          "precision_micro": 0.44680851063829785,
          "recall_micro": 0.875
        }
      },
      "Celltypes_com_var": {
        "samples": 20,
        "metrics": {
          "f1_micro": 0.4444444444444445,
          "hamming": 0.008992805755395683,
          "jaccard": 0.41564625850340137,
          "precision_micro": 0.358974358974359,
          "recall_micro": 0.5833333333333334
        }
      },
      "Celltypes_naivefilter": {
        "samples": 20,
        "metrics": {
          "f1_micro": 0.5,
          "hamming": 0.006594724220623501,
          "jaccard": 0.498015873015873,
          "precision_micro": 0.3793103448275862,
          "recall_micro": 0.7333333333333333
        }
      },
      "Celltypes_unfilter": {
        "samples": 20,
        "metrics": {
          "f1_micro": 0.5116279069767442,
          "hamming": 0.006294964028776978,
          "jaccard": 0.43333333333333335,
          "precision_micro": 0.39285714285714285,
          "recall_micro": 0.7333333333333333
        }
      }
    }
  }
    
  

  