metric,neurons,currents,model_type,model_concept,modeling_application,receptors,region
precision_micro,0.19949597894970908,0.26253951546816295,0.2986740791049847,0.15252621571263617,0.6738355013934968,0.24831302252701848,0.2720293898487185
recall_micro,0.36434108527131787,0.2869352869352869,0.6811594202898551,0.3222222222222222,0.8087855297157622,0.42083333333333334,0.6883116883116882
f1_micro,0.25773401127174717,0.2741069104264178,0.41521830053880643,0.2070342323528519,0.7349882453378803,0.31172296668527827,0.38974255562277343
jaccard,0.19933351017724163,0.127722005335342,0.29427609427609425,0.11038966177855065,0.7100448933782267,0.09952993134811317,0.28952421035754367
hamming,0.009834556597146524,0.06549873737373738,0.10614077280743948,0.02446584222285157,0.004373234258291729,0.025028058361391697,0.03567590801633355
jaccard_consistency,0.6664333608778052,0.5750811274965865,0.8383838383838383,0.6048913763693137,0.8400994067660736,0.7713712400581086,0.6251108429936181
dice_consistency,0.7276886167690169,0.6526802471380901,0.8924869182444939,0.7284519253481319,0.8820506653839986,0.7982859595456149,0.6768154592470214
